Unnamed: 0,game_id,total_home_score,total_away_score,score_diff,win,home_rush_attempt,home_pass_attempt,home_sack,home_passing_yards,home_rushing_yards,home_epa,home_qb_epa,home_xyac_epa,away_rush_attempt,away_pass_attempt,away_sack,away_passing_yards,away_rushing_yards,away_epa,away_qb_epa,away_xyac_epa,home_team,away_team,team,rushing_attempts_allowed,passing_attempts_allowed,sacks_allowed,passing_yards_allowed,rushing_yards_allowed,epa_allowed,qb_epa_allowed,xyac_epa_allowed,team_away_allowed,rushing_attempts_allowed_away_allowed,passing_attempts_allowed_away_allowed,sacks_allowed_away_allowed,passing_yards_allowed_away_allowed,rushing_yards_allowed_away_allowed,epa_allowed_away_allowed,qb_epa_allowed_away_allowed,xyac_epa_allowed_away_allowed
0,2024_01_ARI_BUF,34,28,6,1,33.0,25.0,2.0,232.0,130.0,0.1913574323589539,0.1913574323589539,0.7455101651754463,26.0,35.0,4.0,162.0,124.0,0.1411628308160445,0.1411628308160445,0.7488171652569062,BUF,ARI,BUF,24.636363636363637,36.36363636363637,2.4545454545454546,226.8181818181818,119.0909090909091,-0.014568825957549282,-0.014568825957549282,0.7433530166372802,ARI,28.4,34.8,2.4,233.3,127.5,0.060266131198988125,0.0696123954044522,0.7402418931656042
1,2024_01_BAL_KC,27,20,7,1,20.0,30.0,2.0,291.0,72.0,0.1241838203412791,0.1241838203412791,0.7556826451102759,32.0,42.0,1.0,273.0,185.0,0.0207958515497699,0.0207958515497699,1.0302049349880695,KC,BAL,KC,23.6,35.0,1.9,222.0,85.3,-0.013213498948685384,-0.013213498948685384,0.7750955323323927,BAL,22.818181818181817,43.18181818181818,3.1818181818181817,304.6363636363636,77.45454545454545,0.05065889180453116,0.055223311364270174,0.7305809269988628
2,2024_01_CAR_NO,47,10,37,1,37.0,25.0,1.0,200.0,180.0,0.1967065273778134,0.1967065273778134,0.8237646614359868,20.0,35.0,4.0,161.0,58.0,-0.3748216510351603,-0.3748216510351603,0.6075413396569099,NO,CAR,NO,26.818181818181817,38.09090909090909,2.272727272727273,270.90909090909093,134.1818181818182,-0.024432078112840094,-0.024432078112840094,0.7331821165312796,CAR,35.0,32.2,1.2,233.9,160.0,0.099664862791973,0.1194621539208206,0.703429397834605
3,2024_01_DAL_CLE,17,33,-16,0,19.0,51.0,6.0,169.0,93.0,-0.2442834827097802,-0.2442834827097802,0.702121086589022,25.0,35.0,3.0,179.0,102.0,-0.0377979124610196,-0.0377979124610196,0.8224786521062165,CLE,DAL,CLE,27.4,32.1,2.8,228.3,131.7,-0.015366331669173292,-0.008149433811871202,0.7548213445690942,DAL,31.8,30.2,2.4,230.5,151.0,0.0782813087445702,0.07820057500553705,0.7515663622689003
4,2024_01_DEN_SEA,26,20,6,1,33.0,28.0,2.0,171.0,146.0,-0.0476145802724707,-0.0476145802724707,0.8196309703676768,25.0,44.0,2.0,138.0,99.0,-0.1329954274536002,-0.1052478905893885,0.7176761365767634,SEA,DEN,SEA,29.3,34.7,2.3,227.0,138.6,0.01118899300808163,0.013963746694502807,0.6859073595822134,DEN,26.09090909090909,36.36363636363637,3.5454545454545454,211.0,98.63636363636364,-0.07781362011297835,-0.06882901102722952,0.752599138191568
5,2024_01_GB_PHI,34,29,5,1,38.0,36.0,2.0,278.0,144.0,0.1035854556812443,0.1035854556812443,0.8797759213238131,22.0,37.0,2.0,260.0,163.0,0.0915969554592704,0.0915969554592704,0.6123860537357144,PHI,GB,PHI,23.7,35.0,2.8,192.3,99.9,-0.06598692750202126,-0.05184775202218876,0.7754470164511771,GB,27.6,33.9,2.5,226.1,119.6,-0.010026642425032015,0.002517064490154074,0.7169342283556115
6,2024_01_HOU_IND,27,29,-2,0,23.0,21.0,2.0,212.0,104.0,0.0946765126137266,0.0946765126137266,0.5339337933099266,41.0,36.0,4.0,234.0,213.0,0.1276207623698686,0.1276207623698686,0.7842080285054109,IND,HOU,IND,32.27272727272727,34.81818181818182,2.272727272727273,247.1818181818182,143.0909090909091,-0.016204738425823248,-0.006028419621116351,0.7440413130608913,HOU,24.454545454545453,36.09090909090909,3.090909090909091,210.36363636363637,107.63636363636364,-0.021570292689521344,-0.016018867350083836,0.7047755329166501
7,2024_01_JAX_MIA,20,17,3,1,25.0,40.0,3.0,338.0,81.0,-0.0062852202411203,-0.0062852202411203,0.8470987222038531,26.0,24.0,3.0,162.0,128.0,-0.041752073318382,-0.041752073318382,0.5466778784039739,MIA,JAX,MIA,25.2,33.5,1.7,210.6,109.0,0.0086660096803303,0.0086660096803303,0.7773748800553322,JAX,31.454545454545453,36.18181818181818,1.9090909090909092,290.1818181818182,135.45454545454547,0.13524773956227604,0.13524773956227604,0.7543614001205167
8,2024_01_LA_DET,26,20,6,1,31.0,30.0,2.0,217.0,163.0,0.0933521214973105,0.0933521214973105,0.9184096855628427,23.0,51.0,2.0,317.0,83.0,0.0528820545406143,0.0528820545406143,0.6339472927157103,DET,LA,DET,22.1,39.6,2.5,249.6,94.8,-0.09843386012953119,-0.07384524813697035,0.6654345230685962,LA,29.9,32.6,2.7,245.4,127.3,0.02989694924591572,0.02989694924591572,0.7275863004153906
9,2024_01_LV_LAC,22,10,12,1,28.0,27.0,1.0,144.0,176.0,-0.1247514651722511,-0.1247514651722511,0.8449377822981515,22.0,37.0,4.0,257.0,71.0,-0.3124944470496896,-0.3124944470496896,0.8454685821331529,LAC,LV,LAC,23.5,37.5,3.4,223.9,110.5,-0.11392097857363584,-0.11392097857363584,0.7129664052354635,LV,28.5,33.7,1.9,219.2,124.6,0.01815210685018066,0.01815210685018066,0.7457946690667048
10,2024_01_MIN_NYG,6,28,-22,0,21.0,47.0,5.0,186.0,74.0,-0.2345986908270322,-0.2345986908270322,0.8024376249318919,26.0,25.0,1.0,208.0,111.0,0.0943946393976763,0.1329555786970915,0.7420953704662543,NYG,MIN,NYG,27.9,31.2,3.6,207.0,147.1,0.03189903882942189,0.04827891780558342,0.7212822843898639,MIN,20.8,40.5,3.5,258.9,74.4,-0.12889183923502076,-0.12458875486238033,0.6974262905801639
11,2024_01_NE_CIN,10,16,-6,0,16.0,32.0,3.0,164.0,70.0,-0.0384047210302792,0.0697345865227762,0.87990613197603,39.0,25.0,1.0,121.0,170.0,0.0777772269123743,0.0777772269123743,0.8992852431811151,CIN,NE,CIN,29.90909090909091,35.54545454545455,1.7272727272727273,236.0909090909091,129.8181818181818,0.08478028719149738,0.08478028719149738,0.7064357803438006,NE,29.0,33.09090909090909,2.272727272727273,229.72727272727272,128.36363636363637,0.027156896106619876,0.036987742247806724,0.7162286294733283
12,2024_01_NYJ_SF,32,19,13,1,38.0,32.0,3.0,231.0,180.0,0.1739016485493883,0.1739016485493883,0.5805565739493966,20.0,31.0,1.0,203.0,68.0,-0.0026216831108618,0.074769984382568,0.6630939993606294,SF,NYJ,SF,24.9,34.8,2.6,210.1,105.0,0.00869688472326058,0.02468296605447859,0.7414852186216265,NYJ,31.454545454545453,31.363636363636363,3.090909090909091,197.1818181818182,130.0909090909091,0.024626354570163888,0.028020910389633145,0.7597261317590717
13,2024_01_PIT_ATL,10,18,-8,0,22.0,28.0,2.0,155.0,89.0,-0.2430108862247376,-0.2430108862247376,0.6856330150082066,41.0,25.0,2.0,156.0,137.0,-0.0405557290948872,-0.0405557290948872,0.8530095118715463,ATL,PIT,ATL,28.818181818181817,35.27272727272727,0.9090909090909091,235.63636363636363,127.18181818181819,0.06738463119618059,0.06738463119618059,0.7726859438642406,PIT,22.4,36.5,2.4,231.7,90.8,-0.09104512135309845,-0.0859676738697146,0.7376998721536415
14,2024_01_TEN_CHI,24,17,7,1,22.0,32.0,2.0,93.0,84.0,-0.2012001051284128,-0.2012001051284128,0.7997356054350314,26.0,35.0,3.0,127.0,140.0,-0.2782829253774999,-0.2782829253774999,0.9216889496265684,CHI,TEN,CHI,27.3,31.5,2.5,213.7,130.3,-0.033964880527748396,-0.00940722193893046,0.7259834244834172,TEN,27.7,30.3,2.0,178.9,113.4,0.01874873832565239,0.01874873832565239,0.807413304212767
15,2024_01_WAS_TB,37,20,17,1,30.0,31.0,1.0,289.0,112.0,0.272952055359533,0.272952055359533,0.788424840429892,30.0,27.0,2.0,184.0,138.0,0.0516651539335495,0.0516651539335495,0.7912692491661528,TB,WAS,TB,26.0,40.5,2.8,283.5,125.2,0.06370855134279339,0.07723279435878168,0.6709510749812141,WAS,30.363636363636363,30.272727272727273,2.6363636363636362,200.63636363636363,150.45454545454547,0.04140733567001059,0.048479088579559765,0.7428801958694816
16,2024_02_ATL_PHI,21,22,-1,0,38.0,31.0,1.0,183.0,186.0,0.0886313649822445,0.0886313649822445,0.9171040794929204,28.0,31.0,1.0,241.0,152.0,0.1395598696242184,0.1395598696242184,0.6600081630435795,PHI,ATL,PHI,23.7,35.0,2.8,192.3,99.9,-0.06598692750202126,-0.05184775202218876,0.7754470164511771,ATL,28.818181818181817,35.27272727272727,0.9090909090909091,235.63636363636363,127.18181818181819,0.06738463119618059,0.06738463119618059,0.7726859438642406
17,2024_02_BUF_MIA,10,31,-21,0,34.0,41.0,2.0,225.0,139.0,-0.2355250187580783,-0.2355250187580783,0.7240638664013848,26.0,19.0,0.0,139.0,108.0,0.1133151067421195,0.1133151067421195,1.2167413119583628,MIA,BUF,MIA,25.2,33.5,1.7,210.6,109.0,0.0086660096803303,0.0086660096803303,0.7773748800553322,BUF,24.636363636363637,36.36363636363637,2.4545454545454546,226.8181818181818,119.0909090909091,-0.014568825957549282,-0.014568825957549282,0.7433530166372802
18,2024_02_CHI_HOU,19,13,6,1,22.0,39.0,3.0,260.0,75.0,-0.0613280481863274,-0.0613280481863274,0.8595063469052495,22.0,44.0,7.0,174.0,71.0,-0.1298716733441655,-0.1298716733441655,0.7279290572850307,HOU,CHI,HOU,24.454545454545453,36.09090909090909,3.090909090909091,210.36363636363637,107.63636363636364,-0.021570292689521344,-0.016018867350083836,0.7047755329166501,CHI,27.3,31.5,2.5,213.7,130.3,-0.033964880527748396,-0.00940722193893046,0.7259834244834172
19,2024_02_CIN_KC,26,25,1,1,32.0,28.0,2.0,151.0,149.0,-0.0062131986239375,-0.0062131986239375,0.9104368331501084,22.0,39.0,3.0,258.0,74.0,0.0549320965825085,0.0549320965825085,0.7010698662795279,KC,CIN,KC,23.6,35.0,1.9,222.0,85.3,-0.013213498948685384,-0.013213498948685384,0.7750955323323927,CIN,29.90909090909091,35.54545454545455,1.7272727272727273,236.0909090909091,129.8181818181818,0.08478028719149738,0.08478028719149738,0.7064357803438006
20,2024_02_CLE_JAX,13,18,-5,0,21.0,34.0,4.0,220.0,127.0,-0.0345320864259964,-0.0345320864259964,0.633165513500021,29.0,36.0,2.0,186.0,125.0,0.0478710466359248,0.0478710466359248,0.7439187858231887,JAX,CLE,JAX,31.454545454545453,36.18181818181818,1.9090909090909092,290.1818181818182,135.45454545454547,0.13524773956227604,0.13524773956227604,0.7543614001205167,CLE,27.4,32.1,2.8,228.3,131.7,-0.015366331669173292,-0.008149433811871202,0.7548213445690942
21,2024_02_IND_GB,16,10,6,1,53.0,14.0,0.0,122.0,261.0,0.0009397620758518,0.0009397620758518,0.8150042400235102,18.0,35.0,1.0,204.0,140.0,-0.0979898379403984,-0.0979898379403984,0.7028170853341944,GB,IND,GB,27.6,33.9,2.5,226.1,119.6,-0.010026642425032015,0.002517064490154074,0.7169342283556115,IND,32.27272727272727,34.81818181818182,2.272727272727273,247.1818181818182,143.0909090909091,-0.016204738425823248,-0.006028419621116351,0.7440413130608913
22,2024_02_LAC_CAR,3,26,-23,0,18.0,28.0,2.0,84.0,90.0,-0.3832779668025276,-0.3832779668025276,0.8208998886328946,44.0,21.0,1.0,130.0,219.0,0.0549212708827526,0.0549212708827526,0.7155962604768421,CAR,LAC,CAR,35.0,32.2,1.2,233.9,160.0,0.099664862791973,0.1194621539208206,0.703429397834605,LAC,23.5,37.5,3.4,223.9,110.5,-0.11392097857363584,-0.11392097857363584,0.7129664052354635
23,2024_02_LA_ARI,41,10,31,1,40.0,22.0,1.0,266.0,231.0,0.3216522889575766,0.3216522889575766,0.9404837993603834,20.0,32.0,5.0,216.0,53.0,-0.1442365207056697,-0.1442365207056697,0.895647708333419,ARI,LA,ARI,28.4,34.8,2.4,233.3,127.5,0.060266131198988125,0.0696123954044522,0.7402418931656042,LA,29.9,32.6,2.7,245.4,127.3,0.02989694924591572,0.02989694924591572,0.7275863004153906
24,2024_02_LV_BAL,23,26,-3,0,27.0,36.0,2.0,247.0,146.0,-0.0345130302901497,-0.0345130302901497,0.643784012493552,17.0,43.0,5.0,276.0,27.0,0.0301420167913869,0.0301420167913869,0.7721652369958363,BAL,LV,BAL,22.818181818181817,43.18181818181818,3.1818181818181817,304.6363636363636,77.45454545454545,0.05065889180453116,0.055223311364270174,0.7305809269988628,LV,28.5,33.7,1.9,219.2,124.6,0.01815210685018066,0.01815210685018066,0.7457946690667048
25,2024_02_NO_DAL,19,44,-25,0,21.0,45.0,3.0,299.0,68.0,-0.0741754052942399,-0.0741754052942399,0.6674146512685365,39.0,17.0,1.0,243.0,190.0,0.3375163788503266,0.3375163788503266,0.8204038765518792,DAL,NO,DAL,31.8,30.2,2.4,230.5,151.0,0.0782813087445702,0.07820057500553705,0.7515663622689003,NO,26.818181818181817,38.09090909090909,2.272727272727273,270.90909090909093,134.1818181818182,-0.024432078112840094,-0.024432078112840094,0.7331821165312796
26,2024_02_NYG_WAS,21,18,3,1,35.0,34.0,5.0,226.0,215.0,0.1328612369301421,0.1328612369301421,0.8591333176486936,22.0,31.0,1.0,178.0,129.0,0.0898550352681394,0.0898550352681394,0.7948515849560016,WAS,NYG,WAS,30.363636363636363,30.272727272727273,2.6363636363636362,200.63636363636363,150.45454545454547,0.04140733567001059,0.048479088579559765,0.7428801958694816,NYG,27.9,31.2,3.6,207.0,147.1,0.03189903882942189,0.04827891780558342,0.7212822843898639
27,2024_02_NYJ_TEN,17,24,-7,0,28.0,32.0,4.0,192.0,130.0,-0.0664023088964179,-0.0664023088964179,0.86666383122493,24.0,32.0,2.0,176.0,101.0,0.0865483474078243,0.0865483474078243,0.8750914060868461,TEN,NYJ,TEN,27.7,30.3,2.0,178.9,113.4,0.01874873832565239,0.01874873832565239,0.807413304212767,NYJ,31.454545454545453,31.363636363636363,3.090909090909091,197.1818181818182,130.0909090909091,0.024626354570163888,0.028020910389633145,0.7597261317590717
28,2024_02_PIT_DEN,6,13,-7,0,19.0,37.0,2.0,246.0,64.0,-0.1199667746914203,-0.1199667746914203,0.7159494848243483,36.0,22.0,2.0,117.0,141.0,-0.0094508793893156,-0.0094508793893156,0.658531573186943,DEN,PIT,DEN,26.09090909090909,36.36363636363637,3.5454545454545454,211.0,98.63636363636364,-0.07781362011297835,-0.06882901102722952,0.752599138191568,PIT,22.4,36.5,2.4,231.7,90.8,-0.09104512135309845,-0.0859676738697146,0.7376998721536415
29,2024_02_SEA_NE,20,23,-3,0,36.0,30.0,3.0,149.0,185.0,0.0265199192579781,0.0265199192579781,0.6866870289391732,19.0,47.0,3.0,327.0,46.0,0.0612862431240288,0.0612862431240288,0.6836472653302874,NE,SEA,NE,29.0,33.09090909090909,2.272727272727273,229.72727272727272,128.36363636363637,0.027156896106619876,0.036987742247806724,0.7162286294733283,SEA,29.3,34.7,2.3,227.0,138.6,0.01118899300808163,0.013963746694502807,0.6859073595822134
30,2024_02_SF_MIN,23,17,6,1,24.0,30.0,4.0,268.0,146.0,-0.0535165447474095,0.0289526010713408,0.9195091993523996,25.0,42.0,6.0,319.0,102.0,-0.1330567598999835,-0.1330567598999835,0.6298160137631549,MIN,SF,MIN,20.8,40.5,3.5,258.9,74.4,-0.12889183923502076,-0.12458875486238033,0.6974262905801639,SF,24.9,34.8,2.6,210.1,105.0,0.00869688472326058,0.02468296605447859,0.7414852186216265
31,2024_02_TB_DET,16,20,-4,0,27.0,56.0,0.0,324.0,139.0,-0.0815804671199098,-0.0815804671199098,0.7164632515048305,23.0,24.0,5.0,185.0,70.0,-0.0187344520651505,-0.0187344520651505,0.5424671739753322,DET,TB,DET,22.1,39.6,2.5,249.6,94.8,-0.09843386012953119,-0.07384524813697035,0.6654345230685962,TB,26.0,40.5,2.8,283.5,125.2,0.06370855134279339,0.07723279435878168,0.6709510749812141
32,2024_03_BAL_DAL,25,28,-3,0,16.0,56.0,3.0,379.0,51.0,0.0628907791304713,0.1130993942876005,0.7121637472382416,45.0,15.0,0.0,182.0,274.0,0.1252546001923633,0.1252546001923633,0.8025372205120443,DAL,BAL,DAL,31.8,30.2,2.4,230.5,151.0,0.0782813087445702,0.07820057500553705,0.7515663622689003,BAL,22.818181818181817,43.18181818181818,3.1818181818181817,304.6363636363636,77.45454545454545,0.05065889180453116,0.055223311364270174,0.7305809269988628
33,2024_03_CAR_LV,22,36,-14,0,16.0,44.0,3.0,296.0,55.0,-0.0754965846107953,-0.0754965846107953,0.5593637002264004,31.0,40.0,2.0,319.0,131.0,0.163197701284949,0.163197701284949,0.7488149404520845,LV,CAR,LV,28.5,33.7,1.9,219.2,124.6,0.01815210685018066,0.01815210685018066,0.7457946690667048,CAR,35.0,32.2,1.2,233.9,160.0,0.099664862791973,0.1194621539208206,0.703429397834605
34,2024_03_CHI_IND,21,16,5,1,33.0,21.0,1.0,167.0,150.0,-0.1238949186996322,-0.1238949186996322,0.6187201902290367,28.0,57.0,4.0,363.0,63.0,-0.1240894714594487,-0.1240894714594487,0.9974916526942674,IND,CHI,IND,32.27272727272727,34.81818181818182,2.272727272727273,247.1818181818182,143.0909090909091,-0.016204738425823248,-0.006028419621116351,0.7440413130608913,CHI,27.3,31.5,2.5,213.7,130.3,-0.033964880527748396,-0.00940722193893046,0.7259834244834172
35,2024_03_DEN_TB,7,26,-19,0,16.0,40.0,7.0,163.0,91.0,-0.2679405097876617,-0.1992508818821524,0.8223010035063439,28.0,36.0,0.0,216.0,136.0,0.0892731089940581,0.0892731089940581,0.6554405563405064,TB,DEN,TB,26.0,40.5,2.8,283.5,125.2,0.06370855134279339,0.07723279435878168,0.6709510749812141,DEN,26.09090909090909,36.36363636363637,3.5454545454545454,211.0,98.63636363636364,-0.07781362011297835,-0.06882901102722952,0.752599138191568
36,2024_03_DET_ARI,13,20,-7,0,18.0,35.0,1.0,207.0,77.0,-0.13607811659587,-0.13607811659587,0.6303906885712286,43.0,25.0,2.0,199.0,187.0,-0.0073351916961045,-0.0073351916961045,0.7151319450480272,ARI,DET,ARI,28.4,34.8,2.4,233.3,127.5,0.060266131198988125,0.0696123954044522,0.7402418931656042,DET,22.1,39.6,2.5,249.6,94.8,-0.09843386012953119,-0.07384524813697035,0.6654345230685962
37,2024_03_GB_TEN,14,30,-16,0,11.0,42.0,8.0,260.0,33.0,-0.2474732011053997,-0.2474732011053997,0.6276342118797605,37.0,22.0,3.0,202.0,188.0,0.0624807968710381,0.0624807968710381,0.9493289544288251,TEN,GB,TEN,27.7,30.3,2.0,178.9,113.4,0.01874873832565239,0.01874873832565239,0.807413304212767,GB,27.6,33.9,2.5,226.1,119.6,-0.010026642425032015,0.002517064490154074,0.7169342283556115
38,2024_03_HOU_MIN,34,7,27,1,28.0,32.0,4.0,181.0,118.0,0.1199314688470426,0.1199314688470426,0.5965097028069226,14.0,49.0,5.0,307.0,38.0,-0.2619168003533496,-0.2619168003533496,0.7880552963793773,MIN,HOU,MIN,20.8,40.5,3.5,258.9,74.4,-0.12889183923502076,-0.12458875486238033,0.6974262905801639,HOU,24.454545454545453,36.09090909090909,3.090909090909091,210.36363636363637,107.63636363636364,-0.021570292689521344,-0.016018867350083836,0.7047755329166501
39,2024_03_JAX_BUF,47,10,37,1,29.0,31.0,0.0,266.0,122.0,0.3459446078167538,0.3459446078167538,1.038098528756412,17.0,51.0,5.0,200.0,92.0,-0.1626163624245626,-0.1626163624245626,0.5644724900162791,BUF,JAX,BUF,24.636363636363637,36.36363636363637,2.4545454545454546,226.8181818181818,119.0909090909091,-0.014568825957549282,-0.014568825957549282,0.7433530166372802,JAX,31.454545454545453,36.18181818181818,1.9090909090909092,290.1818181818182,135.45454545454547,0.13524773956227604,0.13524773956227604,0.7543614001205167
40,2024_03_KC_ATL,17,22,-5,0,25.0,31.0,2.0,230.0,82.0,-0.0063160154997523,-0.0063160154997523,0.6907534988694325,33.0,39.0,0.0,217.0,128.0,0.0857423922585857,0.0857423922585857,0.8008499395357572,ATL,KC,ATL,28.818181818181817,35.27272727272727,0.9090909090909091,235.63636363636363,127.18181818181819,0.06738463119618059,0.06738463119618059,0.7726859438642406,KC,23.6,35.0,1.9,222.0,85.3,-0.013213498948685384,-0.013213498948685384,0.7750955323323927
41,2024_03_LAC_PIT,20,10,10,1,31.0,34.0,2.0,245.0,114.0,0.0487083165225976,0.0487083165225976,0.7885640884039448,20.0,25.0,5.0,149.0,61.0,-0.1148625238201842,-0.1148625238201842,0.6176593953576633,PIT,LAC,PIT,22.4,36.5,2.4,231.7,90.8,-0.09104512135309845,-0.0859676738697146,0.7376998721536415,LAC,23.5,37.5,3.4,223.9,110.5,-0.11392097857363584,-0.11392097857363584,0.7129664052354635
42,2024_03_MIA_SEA,24,3,21,1,23.0,37.0,3.0,289.0,100.0,-0.07121960493521,-0.07121960493521,0.591771855258597,18.0,38.0,6.0,186.0,65.0,-0.365962909259745,-0.365962909259745,0.699827572580855,SEA,MIA,SEA,29.3,34.7,2.3,227.0,138.6,0.01118899300808163,0.013963746694502807,0.6859073595822134,MIA,25.2,33.5,1.7,210.6,109.0,0.0086660096803303,0.0086660096803303,0.7773748800553322
43,2024_03_NE_NYJ,24,3,21,1,33.0,37.0,2.0,281.0,133.0,0.1202897095775789,0.1202897095775789,0.6176765681303644,15.0,33.0,7.0,120.0,78.0,-0.2202137294216153,-0.2202137294216153,0.721113076396523,NYJ,NE,NYJ,31.454545454545453,31.363636363636363,3.090909090909091,197.1818181818182,130.0909090909091,0.024626354570163888,0.028020910389633145,0.7597261317590717,NE,29.0,33.09090909090909,2.272727272727273,229.72727272727272,128.36363636363637,0.027156896106619876,0.036987742247806724,0.7162286294733283
44,2024_03_NYG_CLE,15,21,-6,0,18.0,46.0,8.0,196.0,69.0,-0.251661234944497,-0.251661234944497,0.6654447075613307,32.0,37.0,2.0,236.0,112.0,-0.1451307733670775,-0.1451307733670775,0.868888504390879,CLE,NYG,CLE,27.4,32.1,2.8,228.3,131.7,-0.015366331669173292,-0.008149433811871202,0.7548213445690942,NYG,27.9,31.2,3.6,207.0,147.1,0.03189903882942189,0.04827891780558342,0.7212822843898639
45,2024_03_PHI_NO,12,15,-3,0,29.0,27.0,1.0,142.0,89.0,-0.1560014866676372,-0.1560014866676372,0.938297962973534,26.0,42.0,4.0,311.0,172.0,-0.0978338258757621,-0.0978338258757621,0.8201819337990579,NO,PHI,NO,26.818181818181817,38.09090909090909,2.272727272727273,270.90909090909093,134.1818181818182,-0.024432078112840094,-0.024432078112840094,0.7331821165312796,PHI,23.7,35.0,2.8,192.3,99.9,-0.06598692750202126,-0.05184775202218876,0.7754470164511771
46,2024_03_SF_LA,27,24,3,1,26.0,29.0,3.0,221.0,98.0,0.1591999466009485,0.1591999466009485,0.6768859667888733,34.0,31.0,1.0,292.0,137.0,0.1369570004977027,0.1369570004977027,0.5446771766373584,LA,SF,LA,29.9,32.6,2.7,245.4,127.3,0.02989694924591572,0.02989694924591572,0.7275863004153906,SF,24.9,34.8,2.6,210.1,105.0,0.00869688472326058,0.02468296605447859,0.7414852186216265
47,2024_03_WAS_CIN,33,38,-5,0,20.0,41.0,2.0,324.0,124.0,0.3002589911372204,0.3002589911372204,0.6840126063788156,32.0,25.0,2.0,254.0,108.0,0.425787502948502,0.425787502948502,0.7119864150514584,CIN,WAS,CIN,29.90909090909091,35.54545454545455,1.7272727272727273,236.0909090909091,129.8181818181818,0.08478028719149738,0.08478028719149738,0.7064357803438006,WAS,30.363636363636363,30.272727272727273,2.6363636363636362,200.63636363636363,150.45454545454547,0.04140733567001059,0.048479088579559765,0.7428801958694816
48,2024_04_BUF_BAL,35,10,25,1,34.0,20.0,1.0,157.0,271.0,0.2083340711282055,0.2083340711282055,0.8527044762833308,23.0,34.0,3.0,182.0,81.0,-0.1482186869675557,-0.1482186869675557,0.716123513779984,BAL,BUF,BAL,22.818181818181817,43.18181818181818,3.1818181818181817,304.6363636363636,77.45454545454545,0.05065889180453116,0.055223311364270174,0.7305809269988628,BUF,24.636363636363637,36.36363636363637,2.4545454545454546,226.8181818181818,119.0909090909091,-0.014568825957549282,-0.014568825957549282,0.7433530166372802
49,2024_04_CIN_CAR,24,34,-10,0,29.0,41.0,0.0,220.0,155.0,0.0440065468463966,0.0440065468463966,0.704805848236093,31.0,31.0,0.0,232.0,141.0,0.2006568910984903,0.2006568910984903,0.8746961085205762,CAR,CIN,CAR,35.0,32.2,1.2,233.9,160.0,0.099664862791973,0.1194621539208206,0.703429397834605,CIN,29.90909090909091,35.54545454545455,1.7272727272727273,236.0909090909091,129.8181818181818,0.08478028719149738,0.08478028719149738,0.7064357803438006
50,2024_04_CLE_LV,20,16,4,1,29.0,26.0,2.0,130.0,152.0,-0.0748018377615234,-0.0748018377615234,0.7322113175728948,22.0,35.0,3.0,176.0,92.0,-0.113695320577549,-0.113695320577549,0.8325004752878995,LV,CLE,LV,28.5,33.7,1.9,219.2,124.6,0.01815210685018066,0.01815210685018066,0.7457946690667048,CLE,27.4,32.1,2.8,228.3,131.7,-0.015366331669173292,-0.008149433811871202,0.7548213445690942
51,2024_04_DAL_NYG,15,20,-5,0,24.0,41.0,1.0,281.0,26.0,0.0182998208686744,0.0182998208686744,0.8411392735819831,23.0,28.0,1.0,221.0,80.0,0.1096981231904174,0.1096981231904174,0.6299760663072737,NYG,DAL,NYG,27.9,31.2,3.6,207.0,147.1,0.03189903882942189,0.04827891780558342,0.7212822843898639,DAL,31.8,30.2,2.4,230.5,151.0,0.0782813087445702,0.07820057500553705,0.7515663622689003
52,2024_04_DEN_NYJ,9,10,-1,0,23.0,47.0,5.0,225.0,64.0,-0.2204511427142853,-0.1903100706765575,0.6727737641094413,31.0,25.0,0.0,60.0,126.0,-0.2361808836677939,-0.1988407696536321,0.8157725653876274,NYJ,DEN,NYJ,31.454545454545453,31.363636363636363,3.090909090909091,197.1818181818182,130.0909090909091,0.024626354570163888,0.028020910389633145,0.7597261317590717,DEN,26.09090909090909,36.36363636363637,3.5454545454545454,211.0,98.63636363636364,-0.07781362011297835,-0.06882901102722952,0.752599138191568
53,2024_04_JAX_HOU,24,20,4,1,26.0,42.0,2.0,345.0,101.0,0.0983761694609892,0.0983761694609892,0.6787324662651928,24.0,34.0,1.0,169.0,158.0,0.1142209640714901,0.1142209640714901,0.5999746526852734,HOU,JAX,HOU,24.454545454545453,36.09090909090909,3.090909090909091,210.36363636363637,107.63636363636364,-0.021570292689521344,-0.016018867350083836,0.7047755329166501,JAX,31.454545454545453,36.18181818181818,1.9090909090909092,290.1818181818182,135.45454545454547,0.13524773956227604,0.13524773956227604,0.7543614001205167
54,2024_04_KC_LAC,10,17,-7,0,24.0,29.0,2.0,179.0,55.0,-0.2202599278627631,-0.2202599278627631,0.9924777480828998,26.0,32.0,3.0,245.0,101.0,-0.1041287636368316,-0.1041287636368316,0.7006598673504917,LAC,KC,LAC,23.5,37.5,3.4,223.9,110.5,-0.11392097857363584,-0.11392097857363584,0.7129664052354635,KC,23.6,35.0,1.9,222.0,85.3,-0.013213498948685384,-0.013213498948685384,0.7750955323323927
55,2024_04_LA_CHI,24,18,6,1,28.0,26.0,3.0,157.0,131.0,0.0570770744728919,0.0570770744728919,0.757878462423077,26.0,33.0,3.0,224.0,119.0,0.043266177959213,0.043266177959213,0.6632919474782325,CHI,LA,CHI,27.3,31.5,2.5,213.7,130.3,-0.033964880527748396,-0.00940722193893046,0.7259834244834172,LA,29.9,32.6,2.7,245.4,127.3,0.02989694924591572,0.02989694924591572,0.7275863004153906
56,2024_04_MIN_GB,29,31,-2,0,19.0,56.0,1.0,389.0,86.0,-0.0733524636134961,-0.0303216198870917,0.6336657345549377,34.0,30.0,2.0,275.0,120.0,0.0005203807013697,0.0005203807013697,0.6399959742414886,GB,MIN,GB,27.6,33.9,2.5,226.1,119.6,-0.010026642425032015,0.002517064490154074,0.7169342283556115,MIN,20.8,40.5,3.5,258.9,74.4,-0.12889183923502076,-0.12458875486238033,0.6974262905801639
57,2024_04_NE_SF,30,13,17,1,32.0,28.0,1.0,288.0,148.0,-0.0213707415675946,-0.0213707415675946,0.4859341137419665,24.0,38.0,6.0,168.0,73.0,-0.2619731503714425,-0.2619731503714425,0.8176025506614284,SF,NE,SF,24.9,34.8,2.6,210.1,105.0,0.00869688472326058,0.02468296605447859,0.7414852186216265,NE,29.0,33.09090909090909,2.272727272727273,229.72727272727272,128.36363636363637,0.027156896106619876,0.036987742247806724,0.7162286294733283
58,2024_04_NO_ATL,26,24,2,1,15.0,36.0,1.0,238.0,88.0,0.0838783990469054,0.0838783990469054,0.7352422896235058,33.0,37.0,1.0,239.0,131.0,0.0476792025970967,0.0476792025970967,0.6623682750538133,ATL,NO,ATL,28.818181818181817,35.27272727272727,0.9090909090909091,235.63636363636363,127.18181818181819,0.06738463119618059,0.06738463119618059,0.7726859438642406,NO,26.818181818181817,38.09090909090909,2.272727272727273,270.90909090909093,134.1818181818182,-0.024432078112840094,-0.024432078112840094,0.7331821165312796
59,2024_04_PHI_TB,33,16,17,1,25.0,49.0,2.0,347.0,111.0,0.1889614207023841,0.1889614207023841,0.6870502573514953,20.0,36.0,6.0,158.0,113.0,-0.0342478852443241,-0.0342478852443241,0.5710773669757165,TB,PHI,TB,26.0,40.5,2.8,283.5,125.2,0.06370855134279339,0.07723279435878168,0.6709510749812141,PHI,23.7,35.0,2.8,192.3,99.9,-0.06598692750202126,-0.05184775202218876,0.7754470164511771
60,2024_04_PIT_IND,27,24,3,1,32.0,32.0,2.0,239.0,133.0,0.0240041414275875,0.0240041414275875,0.6556799046367671,30.0,38.0,4.0,312.0,122.0,-0.0185143603691174,0.0502743277765973,0.7791259096998626,IND,PIT,IND,32.27272727272727,34.81818181818182,2.272727272727273,247.1818181818182,143.0909090909091,-0.016204738425823248,-0.006028419621116351,0.7440413130608913,PIT,22.4,36.5,2.4,231.7,90.8,-0.09104512135309845,-0.0859676738697146,0.7376998721536415
61,2024_04_SEA_DET,42,29,13,1,28.0,22.0,3.0,299.0,116.0,0.3317867478464905,0.3317867478464905,0.7778676320752167,19.0,60.0,3.0,395.0,133.0,0.0805931125318483,0.1637449427583185,0.6872799045363288,DET,SEA,DET,22.1,39.6,2.5,249.6,94.8,-0.09843386012953119,-0.07384524813697035,0.6654345230685962,SEA,29.3,34.7,2.3,227.0,138.6,0.01118899300808163,0.013963746694502807,0.6859073595822134
62,2024_04_TEN_MIA,12,31,-19,0,30.0,25.0,2.0,96.0,106.0,-0.2688306276533195,-0.2688306276533195,0.785669601878278,40.0,22.0,1.0,110.0,142.0,0.0420109284571416,0.0420109284571416,0.8315199124013305,MIA,TEN,MIA,25.2,33.5,1.7,210.6,109.0,0.0086660096803303,0.0086660096803303,0.7773748800553322,TEN,27.7,30.3,2.0,178.9,113.4,0.01874873832565239,0.01874873832565239,0.807413304212767
63,2024_04_WAS_ARI,14,42,-28,0,32.0,26.0,4.0,142.0,181.0,-0.0604941768451997,0.0172951051598412,0.6208045768954685,37.0,31.0,0.0,233.0,216.0,0.3738390252048965,0.3738390252048965,0.8754523160369097,ARI,WAS,ARI,28.4,34.8,2.4,233.3,127.5,0.060266131198988125,0.0696123954044522,0.7402418931656042,WAS,30.363636363636363,30.272727272727273,2.6363636363636362,200.63636363636363,150.45454545454547,0.04140733567001059,0.048479088579559765,0.7428801958694816
64,2024_05_ARI_SF,23,24,-1,0,26.0,37.0,2.0,244.0,153.0,-0.0456639940826864,-0.0456639940826864,0.5414748437049823,27.0,31.0,1.0,195.0,169.0,0.0183474150241747,0.0183474150241747,0.7509752634239015,SF,ARI,SF,24.9,34.8,2.6,210.1,105.0,0.00869688472326058,0.02468296605447859,0.7414852186216265,ARI,28.4,34.8,2.4,233.3,127.5,0.060266131198988125,0.0696123954044522,0.7402418931656042
65,2024_05_BAL_CIN,38,41,-3,0,24.0,42.0,3.0,392.0,71.0,0.1913188696187684,0.1913188696187684,0.6592456304227969,34.0,43.0,1.0,348.0,175.0,0.2515398780565904,0.2515398780565904,0.6840258877681699,CIN,BAL,CIN,29.90909090909091,35.54545454545455,1.7272727272727273,236.0909090909091,129.8181818181818,0.08478028719149738,0.08478028719149738,0.7064357803438006,BAL,22.818181818181817,43.18181818181818,3.1818181818181817,304.6363636363636,77.45454545454545,0.05065889180453116,0.055223311364270174,0.7305809269988628
66,2024_05_BUF_HOU,23,20,3,1,28.0,39.0,1.0,331.0,94.0,-0.0270048150572285,-0.0270048150572285,0.7489829067096093,28.0,31.0,1.0,131.0,150.0,-0.025359156210587,-0.025359156210587,0.7223641026712299,HOU,BUF,HOU,24.454545454545453,36.09090909090909,3.090909090909091,210.36363636363637,107.63636363636364,-0.021570292689521344,-0.016018867350083836,0.7047755329166501,BUF,24.636363636363637,36.36363636363637,2.4545454545454546,226.8181818181818,119.0909090909091,-0.014568825957549282,-0.014568825957549282,0.7433530166372802
67,2024_05_CAR_CHI,36,10,26,1,39.0,31.0,1.0,304.0,128.0,0.1379914713068531,0.1379914713068531,0.6545464700572289,19.0,39.0,4.0,194.0,120.0,-0.1947345212310574,-0.1105022863073184,0.6970837573247114,CHI,CAR,CHI,27.3,31.5,2.5,213.7,130.3,-0.033964880527748396,-0.00940722193893046,0.7259834244834172,CAR,35.0,32.2,1.2,233.9,160.0,0.099664862791973,0.1194621539208206,0.703429397834605
68,2024_05_CLE_WAS,34,13,21,1,34.0,31.0,3.0,236.0,215.0,0.0481451224782993,0.0481451224782993,0.7777736686905161,23.0,36.0,7.0,141.0,104.0,-0.1904374989174953,-0.1904374989174953,0.7180379154828782,WAS,CLE,WAS,30.363636363636363,30.272727272727273,2.6363636363636362,200.63636363636363,150.45454545454547,0.04140733567001059,0.048479088579559765,0.7428801958694816,CLE,27.4,32.1,2.8,228.3,131.7,-0.015366331669173292,-0.008149433811871202,0.7548213445690942
69,2024_05_DAL_PIT,17,20,-3,0,26.0,31.0,3.0,150.0,92.0,0.0313688242765033,0.0305614868861718,0.6386469754002715,31.0,44.0,2.0,352.0,109.0,0.0969022684768775,0.0969022684768775,0.7308127420357922,PIT,DAL,PIT,22.4,36.5,2.4,231.7,90.8,-0.09104512135309845,-0.0859676738697146,0.7376998721536415,DAL,31.8,30.2,2.4,230.5,151.0,0.0782813087445702,0.07820057500553705,0.7515663622689003
70,2024_05_GB_LA,19,24,-5,0,29.0,48.0,3.0,260.0,134.0,-0.0741886302726319,-0.0741886302726319,0.6268574474990236,30.0,28.0,2.0,224.0,126.0,0.0066157089246226,0.0066157089246226,0.6619569504571565,LA,GB,LA,29.9,32.6,2.7,245.4,127.3,0.02989694924591572,0.02989694924591572,0.7275863004153906,GB,27.6,33.9,2.5,226.1,119.6,-0.010026642425032015,0.002517064490154074,0.7169342283556115
71,2024_05_IND_JAX,37,34,3,1,23.0,34.0,0.0,371.0,126.0,0.2349971424849981,0.2781479611910593,0.693865088257808,20.0,49.0,4.0,383.0,99.0,0.1734166644227388,0.1734166644227388,0.7257738384948216,JAX,IND,JAX,31.454545454545453,36.18181818181818,1.9090909090909092,290.1818181818182,135.45454545454547,0.13524773956227604,0.13524773956227604,0.7543614001205167,IND,32.27272727272727,34.81818181818182,2.272727272727273,247.1818181818182,143.0909090909091,-0.016204738425823248,-0.006028419621116351,0.7440413130608913
72,2024_05_LV_DEN,34,18,16,1,28.0,30.0,3.0,206.0,109.0,0.0318684667123131,0.0318684667123131,0.7856466070844599,26.0,40.0,3.0,231.0,115.0,-0.1735046259863631,-0.1735046259863631,0.6524077319111447,DEN,LV,DEN,26.09090909090909,36.36363636363637,3.5454545454545454,211.0,98.63636363636364,-0.07781362011297835,-0.06882901102722952,0.752599138191568,LV,28.5,33.7,1.9,219.2,124.6,0.01815210685018066,0.01815210685018066,0.7457946690667048
73,2024_05_MIA_NE,10,15,-5,0,19.0,36.0,2.0,160.0,151.0,-0.1645126219440432,-0.1645126219440432,0.9231061887483768,41.0,35.0,3.0,194.0,193.0,-0.0464245559224543,-0.0464245559224543,0.7207186063408562,NE,MIA,NE,29.0,33.09090909090909,2.272727272727273,229.72727272727272,128.36363636363637,0.027156896106619876,0.036987742247806724,0.7162286294733283,MIA,25.2,33.5,1.7,210.6,109.0,0.0086660096803303,0.0086660096803303,0.7773748800553322
74,2024_05_NO_KC,26,13,13,1,39.0,41.0,2.0,331.0,139.0,0.0942793797498278,0.0942793797498278,0.7712305499716183,15.0,36.0,1.0,182.0,46.0,-0.0863882905720795,-0.0863882905720795,0.6657345828076563,KC,NO,KC,23.6,35.0,1.9,222.0,85.3,-0.013213498948685384,-0.013213498948685384,0.7750955323323927,NO,26.818181818181817,38.09090909090909,2.272727272727273,270.90909090909093,134.1818181818182,-0.024432078112840094,-0.024432078112840094,0.7331821165312796
75,2024_05_NYG_SEA,20,29,-9,0,11.0,47.0,7.0,284.0,102.0,-0.1709805364243812,-0.1021830816189185,0.7259972071272504,35.0,37.0,3.0,257.0,175.0,-0.0077878929098167,-0.0077878929098167,0.7405057170780148,SEA,NYG,SEA,29.3,34.7,2.3,227.0,138.6,0.01118899300808163,0.013963746694502807,0.6859073595822134,NYG,27.9,31.2,3.6,207.0,147.1,0.03189903882942189,0.04827891780558342,0.7212822843898639
76,2024_05_NYJ_MIN,23,17,6,1,30.0,36.0,4.0,203.0,82.0,-0.0708574089648607,-0.0708574089648607,0.8751715534455939,14.0,57.0,3.0,244.0,36.0,-0.1619018121832577,-0.1619018121832577,0.7220708710261814,MIN,NYJ,MIN,20.8,40.5,3.5,258.9,74.4,-0.12889183923502076,-0.12458875486238033,0.6974262905801639,NYJ,31.454545454545453,31.363636363636363,3.090909090909091,197.1818181818182,130.0909090909091,0.024626354570163888,0.028020910389633145,0.7597261317590717
77,2024_05_TB_ATL,36,30,6,1,18.0,63.0,4.0,509.0,73.0,0.1405351389723983,0.1405351389723983,0.5724467307885489,26.0,25.0,1.0,180.0,160.0,0.2019564715844938,0.2019564715844938,0.8513121978396964,ATL,TB,ATL,28.818181818181817,35.27272727272727,0.9090909090909091,235.63636363636363,127.18181818181819,0.06738463119618059,0.06738463119618059,0.7726859438642406,TB,26.0,40.5,2.8,283.5,125.2,0.06370855134279339,0.07723279435878168,0.6709510749812141
78,2024_06_ARI_GB,34,13,21,1,38.0,32.0,0.0,258.0,179.0,0.157437072091396,0.157437072091396,0.9349441933245952,23.0,32.0,0.0,214.0,89.0,-0.1305823804967731,-0.0051453113449122,0.7031351483763482,GB,ARI,GB,27.6,33.9,2.5,226.1,119.6,-0.010026642425032015,0.002517064490154074,0.7169342283556115,ARI,28.4,34.8,2.4,233.3,127.5,0.060266131198988125,0.0696123954044522,0.7402418931656042
79,2024_06_ATL_CAR,20,38,-18,0,24.0,38.0,0.0,221.0,114.0,-0.0879807435913391,-0.0879807435913391,0.6029533675708187,39.0,30.0,0.0,225.0,198.0,0.2014354621628282,0.2666748679447674,0.6342801237969835,CAR,ATL,CAR,35.0,32.2,1.2,233.9,160.0,0.099664862791973,0.1194621539208206,0.703429397834605,ATL,28.818181818181817,35.27272727272727,0.9090909090909091,235.63636363636363,127.18181818181819,0.06738463119618059,0.06738463119618059,0.7726859438642406
80,2024_06_BUF_NYJ,20,23,-3,0,21.0,38.0,3.0,294.0,121.0,0.074150420719833,0.074150420719833,0.7046443998775933,33.0,27.0,2.0,215.0,149.0,0.1278833430918826,0.1278833430918826,0.8425187621612792,NYJ,BUF,NYJ,31.454545454545453,31.363636363636363,3.090909090909091,197.1818181818182,130.0909090909091,0.024626354570163888,0.028020910389633145,0.7597261317590717,BUF,24.636363636363637,36.36363636363637,2.4545454545454546,226.8181818181818,119.0909090909091,-0.014568825957549282,-0.014568825957549282,0.7433530166372802
81,2024_06_CIN_NYG,7,17,-10,0,31.0,43.0,2.0,205.0,119.0,-0.1323273220736855,-0.1323273220736855,0.6962882197800526,20.0,32.0,4.0,208.0,121.0,0.0174563443919699,0.0174563443919699,0.7303509421072257,NYG,CIN,NYG,27.9,31.2,3.6,207.0,147.1,0.03189903882942189,0.04827891780558342,0.7212822843898639,CIN,29.90909090909091,35.54545454545455,1.7272727272727273,236.0909090909091,129.8181818181818,0.08478028719149738,0.08478028719149738,0.7064357803438006
82,2024_06_CLE_PHI,20,16,4,1,36.0,26.0,1.0,264.0,116.0,-0.0121951415177583,-0.0121951415177583,0.5970793567848447,25.0,28.0,5.0,168.0,100.0,-0.0694061404687212,-0.0694061404687212,0.9408732530328936,PHI,CLE,PHI,23.7,35.0,2.8,192.3,99.9,-0.06598692750202126,-0.05184775202218876,0.7754470164511771,CLE,27.4,32.1,2.8,228.3,131.7,-0.015366331669173292,-0.008149433811871202,0.7548213445690942
83,2024_06_DET_DAL,9,47,-38,0,17.0,48.0,4.0,224.0,53.0,-0.2744935855310518,-0.1602115327252676,0.6738129404643417,36.0,30.0,3.0,334.0,184.0,0.3009704890133416,0.3009704890133416,0.6898198760428237,DAL,DET,DAL,31.8,30.2,2.4,230.5,151.0,0.0782813087445702,0.07820057500553705,0.7515663622689003,DET,22.1,39.6,2.5,249.6,94.8,-0.09843386012953119,-0.07384524813697035,0.6654345230685962
84,2024_06_HOU_NE,21,41,-20,0,26.0,37.0,4.0,243.0,82.0,-0.221343382764393,-0.1602777040305804,0.7670118120327063,28.0,34.0,2.0,192.0,192.0,0.1143936631684395,0.1143936631684395,0.6575392459324065,NE,HOU,NE,29.0,33.09090909090909,2.272727272727273,229.72727272727272,128.36363636363637,0.027156896106619876,0.036987742247806724,0.7162286294733283,HOU,24.454545454545453,36.09090909090909,3.090909090909091,210.36363636363637,107.63636363636364,-0.021570292689521344,-0.016018867350083836,0.7047755329166501
85,2024_06_IND_TEN,17,20,-3,0,28.0,27.0,0.0,95.0,146.0,-0.0295641598897374,-0.0295641598897374,0.6226204697186162,28.0,38.0,0.0,189.0,80.0,0.0236001940575207,0.0236001940575207,0.9071622216398244,TEN,IND,TEN,27.7,30.3,2.0,178.9,113.4,0.01874873832565239,0.01874873832565239,0.807413304212767,IND,32.27272727272727,34.81818181818182,2.272727272727273,247.1818181818182,143.0909090909091,-0.016204738425823248,-0.006028419621116351,0.7440413130608913
86,2024_06_JAX_CHI,35,16,19,1,29.0,32.0,3.0,226.0,152.0,0.2704153548094971,0.2704153548094971,1.1374897779097544,20.0,41.0,4.0,240.0,68.0,0.0122995184774098,0.0917702030233125,0.7498696890075688,CHI,JAX,CHI,27.3,31.5,2.5,213.7,130.3,-0.033964880527748396,-0.00940722193893046,0.7259834244834172,JAX,31.454545454545453,36.18181818181818,1.9090909090909092,290.1818181818182,135.45454545454547,0.13524773956227604,0.13524773956227604,0.7543614001205167
87,2024_06_LAC_DEN,16,23,-7,0,18.0,36.0,2.0,216.0,110.0,-0.0483627348222425,-0.0483627348222425,0.6204269478904305,38.0,37.0,3.0,237.0,128.0,0.0873661354732639,0.0873661354732639,0.7277006430814298,DEN,LAC,DEN,26.09090909090909,36.36363636363637,3.5454545454545454,211.0,98.63636363636364,-0.07781362011297835,-0.06882901102722952,0.752599138191568,LAC,23.5,37.5,3.4,223.9,110.5,-0.11392097857363584,-0.11392097857363584,0.7129664052354635
88,2024_06_PIT_LV,13,32,-19,0,19.0,42.0,1.0,227.0,57.0,-0.2694837115767108,-0.2694837115767108,0.7550219992354352,35.0,28.0,3.0,145.0,183.0,0.0839182787401044,0.0839182787401044,0.7118856362526477,LV,PIT,LV,28.5,33.7,1.9,219.2,124.6,0.01815210685018066,0.01815210685018066,0.7457946690667048,PIT,22.4,36.5,2.4,231.7,90.8,-0.09104512135309845,-0.0859676738697146,0.7376998721536415
89,2024_06_SF_SEA,24,36,-12,0,20.0,53.0,1.0,312.0,52.0,0.0290932902400655,0.0290932902400655,0.7417591485373555,34.0,28.0,0.0,255.0,228.0,0.2575400902814633,0.2575400902814633,0.6095707512755274,SEA,SF,SEA,29.3,34.7,2.3,227.0,138.6,0.01118899300808163,0.013963746694502807,0.6859073595822134,SF,24.9,34.8,2.6,210.1,105.0,0.00869688472326058,0.02468296605447859,0.7414852186216265
90,2024_06_TB_NO,27,51,-24,0,21.0,45.0,5.0,243.0,81.0,-0.2543215879451082,-0.1558297360112813,0.917220578277509,35.0,38.0,1.0,325.0,277.0,0.0717839353007103,0.0717839353007103,0.6436648906548103,NO,TB,NO,26.818181818181817,38.09090909090909,2.272727272727273,270.90909090909093,134.1818181818182,-0.024432078112840094,-0.024432078112840094,0.7331821165312796,TB,26.0,40.5,2.8,283.5,125.2,0.06370855134279339,0.07723279435878168,0.6709510749812141
91,2024_06_WAS_BAL,30,23,7,1,37.0,28.0,2.0,323.0,176.0,0.1850826603352602,0.1850826603352602,0.5627716454302858,18.0,38.0,3.0,269.0,52.0,0.1436894180171941,0.1436894180171941,0.7016097403567396,BAL,WAS,BAL,22.818181818181817,43.18181818181818,3.1818181818181817,304.6363636363636,77.45454545454545,0.05065889180453116,0.055223311364270174,0.7305809269988628,WAS,30.363636363636363,30.272727272727273,2.6363636363636362,200.63636363636363,150.45454545454547,0.04140733567001059,0.048479088579559765,0.7428801958694816
92,2024_07_BAL_TB,31,41,-10,0,30.0,50.0,3.0,370.0,125.0,0.0885074891437048,0.0885074891437048,0.7215374428484633,30.0,24.0,2.0,281.0,244.0,0.2933060594612242,0.2933060594612242,0.5309325728020126,TB,BAL,TB,26.0,40.5,2.8,283.5,125.2,0.06370855134279339,0.07723279435878168,0.6709510749812141,BAL,22.818181818181817,43.18181818181818,3.1818181818181817,304.6363636363636,77.45454545454545,0.05065889180453116,0.055223311364270174,0.7305809269988628
93,2024_07_CAR_WAS,40,7,33,1,37.0,26.0,1.0,211.0,213.0,0.2204597937490856,0.2204597937490856,0.5992796416396285,23.0,20.0,2.0,89.0,95.0,-0.3094319310238705,-0.3094319310238705,0.9220781993670402,WAS,CAR,WAS,30.363636363636363,30.272727272727273,2.6363636363636362,200.63636363636363,150.45454545454547,0.04140733567001059,0.048479088579559765,0.7428801958694816,CAR,35.0,32.2,1.2,233.9,160.0,0.099664862791973,0.1194621539208206,0.703429397834605
94,2024_07_CIN_CLE,14,21,-7,0,21.0,57.0,4.0,277.0,77.0,-0.1873402600951678,-0.1873402600951678,0.6554528595567826,25.0,28.0,3.0,181.0,59.0,-0.102925315404198,-0.102925315404198,0.7833181964687786,CLE,CIN,CLE,27.4,32.1,2.8,228.3,131.7,-0.015366331669173292,-0.008149433811871202,0.7548213445690942,CIN,29.90909090909091,35.54545454545455,1.7272727272727273,236.0909090909091,129.8181818181818,0.08478028719149738,0.08478028719149738,0.7064357803438006
95,2024_07_DEN_NO,10,33,-23,0,21.0,45.0,6.0,210.0,97.0,-0.2893397714810182,-0.2893397714810182,0.8184458444615932,35.0,26.0,0.0,164.0,225.0,0.0652446480156771,0.0652446480156771,0.755408602797079,NO,DEN,NO,26.818181818181817,38.09090909090909,2.272727272727273,270.90909090909093,134.1818181818182,-0.024432078112840094,-0.024432078112840094,0.7331821165312796,DEN,26.09090909090909,36.36363636363637,3.5454545454545454,211.0,98.63636363636364,-0.07781362011297835,-0.06882901102722952,0.752599138191568
96,2024_07_DET_MIN,29,31,-2,0,21.0,32.0,4.0,259.0,139.0,0.0079932760554643,0.0079932760554643,0.7118221655904565,27.0,29.0,4.0,280.0,144.0,0.0427712270713422,0.0427712270713422,0.7923353036462243,MIN,DET,MIN,20.8,40.5,3.5,258.9,74.4,-0.12889183923502076,-0.12458875486238033,0.6974262905801639,DET,22.1,39.6,2.5,249.6,94.8,-0.09843386012953119,-0.07384524813697035,0.6654345230685962
97,2024_07_HOU_GB,24,22,2,1,20.0,36.0,3.0,220.0,82.0,0.0302909643088761,0.0302909643088761,0.7266291891759813,34.0,25.0,4.0,86.0,142.0,0.0400836103779342,0.0400836103779342,0.8156509811214936,GB,HOU,GB,27.6,33.9,2.5,226.1,119.6,-0.010026642425032015,0.002517064490154074,0.7169342283556115,HOU,24.454545454545453,36.09090909090909,3.090909090909091,210.36363636363637,107.63636363636364,-0.021570292689521344,-0.016018867350083836,0.7047755329166501
98,2024_07_KC_SF,18,28,-10,0,24.0,33.0,1.0,212.0,101.0,-0.1123619914159559,-0.1123619914159559,0.6231559992186437,39.0,29.0,2.0,154.0,184.0,0.0530081763905398,0.0530081763905398,0.9262404461902862,SF,KC,SF,24.9,34.8,2.6,210.1,105.0,0.00869688472326058,0.02468296605447859,0.7414852186216265,KC,23.6,35.0,1.9,222.0,85.3,-0.013213498948685384,-0.013213498948685384,0.7750955323323927
99,2024_07_LAC_ARI,17,15,2,1,29.0,26.0,0.0,145.0,181.0,0.0825683214210619,0.0825683214210619,0.5522417131021683,22.0,42.0,3.0,349.0,59.0,0.1060916464895201,0.1995542885441608,0.6775366551777046,ARI,LAC,ARI,28.4,34.8,2.4,233.3,127.5,0.060266131198988125,0.0696123954044522,0.7402418931656042,LAC,23.5,37.5,3.4,223.9,110.5,-0.11392097857363584,-0.11392097857363584,0.7129664052354635
100,2024_07_LV_LA,20,15,5,1,28.0,24.0,1.0,154.0,115.0,-0.3250474888227148,-0.3250474888227148,0.6362217408473284,29.0,46.0,2.0,206.0,122.0,-0.2593707644972306,-0.2593707644972306,0.7429234455534174,LA,LV,LA,29.9,32.6,2.7,245.4,127.3,0.02989694924591572,0.02989694924591572,0.7275863004153906,LV,28.5,33.7,1.9,219.2,124.6,0.01815210685018066,0.01815210685018066,0.7457946690667048
101,2024_07_MIA_IND,16,10,6,1,37.0,24.0,0.0,129.0,155.0,-0.1561628654361953,-0.1561628654361953,0.7003623529710237,40.0,28.0,2.0,161.0,188.0,-0.2259534003037704,-0.2259534003037704,0.5660312692207673,IND,MIA,IND,32.27272727272727,34.81818181818182,2.272727272727273,247.1818181818182,143.0909090909091,-0.016204738425823248,-0.006028419621116351,0.7440413130608913,MIA,25.2,33.5,1.7,210.6,109.0,0.0086660096803303,0.0086660096803303,0.7773748800553322
102,2024_07_NE_JAX,32,16,16,1,39.0,21.0,0.0,193.0,171.0,0.2291735410267942,0.2291735410267942,1.3489760429534412,15.0,40.0,2.0,276.0,38.0,-0.0196113057510824,-0.0196113057510824,0.7113169098824192,JAX,NE,JAX,31.454545454545453,36.18181818181818,1.9090909090909092,290.1818181818182,135.45454545454547,0.13524773956227604,0.13524773956227604,0.7543614001205167,NE,29.0,33.09090909090909,2.272727272727273,229.72727272727272,128.36363636363637,0.027156896106619876,0.036987742247806724,0.7162286294733283
103,2024_07_NYJ_PIT,37,15,22,1,36.0,30.0,1.0,264.0,149.0,0.1763129224841619,0.1763129224841619,0.7828995469648018,15.0,41.0,1.0,276.0,54.0,-0.1199787786366174,-0.1199787786366174,0.907317862913047,PIT,NYJ,PIT,22.4,36.5,2.4,231.7,90.8,-0.09104512135309845,-0.0859676738697146,0.7376998721536415,NYJ,31.454545454545453,31.363636363636363,3.090909090909091,197.1818181818182,130.0909090909091,0.024626354570163888,0.028020910389633145,0.7597261317590717
104,2024_07_PHI_NYG,3,28,-25,0,18.0,37.0,8.0,105.0,76.0,-0.2560317955033568,-0.2560317955033568,0.7165442234700097,45.0,20.0,5.0,114.0,269.0,0.1319848818267131,0.1319848818267131,0.7359666862443598,NYG,PHI,NYG,27.9,31.2,3.6,207.0,147.1,0.03189903882942189,0.04827891780558342,0.7212822843898639,PHI,23.7,35.0,2.8,192.3,99.9,-0.06598692750202126,-0.05184775202218876,0.7754470164511771
105,2024_07_SEA_ATL,14,34,-20,0,32.0,39.0,3.0,246.0,155.0,-0.140293402479494,-0.140293402479494,0.638461179163165,26.0,30.0,1.0,242.0,103.0,0.1706439859596811,0.1706439859596811,0.6404835832855527,ATL,SEA,ATL,28.818181818181817,35.27272727272727,0.9090909090909091,235.63636363636363,127.18181818181819,0.06738463119618059,0.06738463119618059,0.7726859438642406,SEA,29.3,34.7,2.3,227.0,138.6,0.01118899300808163,0.013963746694502807,0.6859073595822134
106,2024_07_TEN_BUF,34,10,24,1,20.0,34.0,1.0,323.0,74.0,0.1680696045809638,0.1680696045809638,0.6918268168438049,24.0,43.0,3.0,215.0,89.0,-0.1493689908479999,-0.1493689908479999,0.7934716390374241,BUF,TEN,BUF,24.636363636363637,36.36363636363637,2.4545454545454546,226.8181818181818,119.0909090909091,-0.014568825957549282,-0.014568825957549282,0.7433530166372802,TEN,27.7,30.3,2.0,178.9,113.4,0.01874873832565239,0.01874873832565239,0.807413304212767
107,2024_08_ARI_MIA,27,28,-1,0,25.0,39.0,1.0,234.0,150.0,0.1990768805704992,0.1990768805704992,0.7628549590129949,27.0,36.0,0.0,307.0,82.0,0.2223915170967026,0.2223915170967026,0.7390478557724603,MIA,ARI,MIA,25.2,33.5,1.7,210.6,109.0,0.0086660096803303,0.0086660096803303,0.7773748800553322,ARI,28.4,34.8,2.4,233.3,127.5,0.060266131198988125,0.0696123954044522,0.7402418931656042
108,2024_08_ATL_TB,26,31,-5,0,22.0,50.0,0.0,330.0,102.0,0.0406619164680357,0.0406619164680357,0.804959588656129,29.0,31.0,2.0,276.0,129.0,0.1586745966518716,0.1586745966518716,0.7563978323778037,TB,ATL,TB,26.0,40.5,2.8,283.5,125.2,0.06370855134279339,0.07723279435878168,0.6709510749812141,ATL,28.818181818181817,35.27272727272727,0.9090909090909091,235.63636363636363,127.18181818181819,0.06738463119618059,0.06738463119618059,0.7726859438642406
109,2024_08_BAL_CLE,29,24,5,1,23.0,44.0,2.0,334.0,80.0,0.1185445495513202,0.1185445495513202,0.6764678274242579,21.0,41.0,3.0,289.0,124.0,0.0536953240690406,0.0536953240690406,0.7121725786750733,CLE,BAL,CLE,27.4,32.1,2.8,228.3,131.7,-0.015366331669173292,-0.008149433811871202,0.7548213445690942,BAL,22.818181818181817,43.18181818181818,3.1818181818181817,304.6363636363636,77.45454545454545,0.05065889180453116,0.055223311364270174,0.7305809269988628
110,2024_08_BUF_SEA,10,31,-21,0,17.0,30.0,1.0,212.0,32.0,-0.0990851228709533,-0.0990851228709533,0.8298856918609887,34.0,35.0,1.0,283.0,164.0,0.1884962676759156,0.1884962676759156,0.754298052703762,SEA,BUF,SEA,29.3,34.7,2.3,227.0,138.6,0.01118899300808163,0.013963746694502807,0.6859073595822134,BUF,24.636363636363637,36.36363636363637,2.4545454545454546,226.8181818181818,119.0909090909091,-0.014568825957549282,-0.014568825957549282,0.7433530166372802
111,2024_08_CAR_DEN,28,14,14,1,32.0,41.0,2.0,315.0,102.0,0.0594435746840656,0.1921770801906025,0.6867342785003943,20.0,40.0,2.0,224.0,69.0,-0.122629827114916,-0.122629827114916,0.7787542147975324,DEN,CAR,DEN,26.09090909090909,36.36363636363637,3.5454545454545454,211.0,98.63636363636364,-0.07781362011297835,-0.06882901102722952,0.752599138191568,CAR,35.0,32.2,1.2,233.9,160.0,0.099664862791973,0.1194621539208206,0.703429397834605
112,2024_08_CHI_WAS,18,15,3,1,32.0,40.0,2.0,326.0,168.0,-0.0056688468449156,-0.0056688468449156,0.5061968773120272,33.0,28.0,3.0,131.0,202.0,-0.0806153902211175,-0.0806153902211175,0.8400185675831608,WAS,CHI,WAS,30.363636363636363,30.272727272727273,2.6363636363636362,200.63636363636363,150.45454545454547,0.04140733567001059,0.048479088579559765,0.7428801958694816,CHI,27.3,31.5,2.5,213.7,130.3,-0.033964880527748396,-0.00940722193893046,0.7259834244834172
113,2024_08_DAL_SF,30,24,6,1,36.0,28.0,2.0,260.0,223.0,0.1078434132936758,0.1078434132936758,0.7263520967067536,19.0,40.0,2.0,243.0,56.0,0.0250846132146534,0.0250846132146534,0.6828426544617303,SF,DAL,SF,24.9,34.8,2.6,210.1,105.0,0.00869688472326058,0.02468296605447859,0.7414852186216265,DAL,31.8,30.2,2.4,230.5,151.0,0.0782813087445702,0.07820057500553705,0.7515663622689003
114,2024_08_GB_JAX,27,30,-3,0,23.0,33.0,1.0,308.0,91.0,0.0622832565343703,0.0622832565343703,0.6725660896903174,39.0,28.0,1.0,252.0,170.0,0.1314517912143024,0.1314517912143024,0.7177705484874819,JAX,GB,JAX,31.454545454545453,36.18181818181818,1.9090909090909092,290.1818181818182,135.45454545454547,0.13524773956227604,0.13524773956227604,0.7543614001205167,GB,27.6,33.9,2.5,226.1,119.6,-0.010026642425032015,0.002517064490154074,0.7169342283556115
115,2024_08_IND_HOU,23,20,3,1,29.0,39.0,2.0,285.0,96.0,-0.0180532346736665,-0.0180532346736665,0.642407030085737,26.0,37.0,5.0,175.0,150.0,-0.0334197857758123,-0.0334197857758123,0.596412893384617,HOU,IND,HOU,24.454545454545453,36.09090909090909,3.090909090909091,210.36363636363637,107.63636363636364,-0.021570292689521344,-0.016018867350083836,0.7047755329166501,IND,32.27272727272727,34.81818181818182,2.272727272727273,247.1818181818182,143.0909090909091,-0.016204738425823248,-0.006028419621116351,0.7440413130608913
116,2024_08_KC_LV,20,27,-7,0,21.0,35.0,5.0,209.0,33.0,-0.0419577595445332,-0.0419577595445332,0.7713887473046579,29.0,39.0,1.0,262.0,82.0,0.0722105534248041,0.0722105534248041,0.6529857436606432,LV,KC,LV,28.5,33.7,1.9,219.2,124.6,0.01815210685018066,0.01815210685018066,0.7457946690667048,KC,23.6,35.0,1.9,222.0,85.3,-0.013213498948685384,-0.013213498948685384,0.7750955323323927
117,2024_08_MIN_LA,30,20,10,1,32.0,34.0,0.0,279.0,107.0,0.1480016944232346,0.1480016944232346,0.6916588711223571,22.0,28.0,3.0,240.0,64.0,0.0935265420596369,0.0935265420596369,0.5411463636352906,LA,MIN,LA,29.9,32.6,2.7,245.4,127.3,0.02989694924591572,0.02989694924591572,0.7275863004153906,MIN,20.8,40.5,3.5,258.9,74.4,-0.12889183923502076,-0.12458875486238033,0.6974262905801639
118,2024_08_NO_LAC,26,8,18,1,29.0,35.0,3.0,279.0,122.0,0.0409377289630366,0.0409377289630366,0.9763371054300584,21.0,47.0,5.0,281.0,117.0,-0.2054665829418027,-0.2054665829418027,0.7954319036998341,LAC,NO,LAC,23.5,37.5,3.4,223.9,110.5,-0.11392097857363584,-0.11392097857363584,0.7129664052354635,NO,26.818181818181817,38.09090909090909,2.272727272727273,270.90909090909093,134.1818181818182,-0.024432078112840094,-0.024432078112840094,0.7331821165312796
119,2024_08_NYG_PIT,26,18,8,1,31.0,32.0,4.0,278.0,167.0,0.0512761028918114,0.0512761028918114,0.5956815536128488,25.0,43.0,4.0,264.0,157.0,-0.0274743919240856,-0.0274743919240856,0.6611045345842319,PIT,NYG,PIT,22.4,36.5,2.4,231.7,90.8,-0.09104512135309845,-0.0859676738697146,0.7376998721536415,NYG,27.9,31.2,3.6,207.0,147.1,0.03189903882942189,0.04827891780558342,0.7212822843898639
120,2024_08_NYJ_NE,25,22,3,1,31.0,33.0,2.0,155.0,112.0,0.0142635508036318,0.0142635508036318,0.7469340651476659,28.0,30.0,1.0,233.0,112.0,0.0183968693463999,0.0183968693463999,0.707891905844627,NE,NYJ,NE,29.0,33.09090909090909,2.272727272727273,229.72727272727272,128.36363636363637,0.027156896106619876,0.036987742247806724,0.7162286294733283,NYJ,31.454545454545453,31.363636363636363,3.090909090909091,197.1818181818182,130.0909090909091,0.024626354570163888,0.028020910389633145,0.7597261317590717
121,2024_08_PHI_CIN,17,37,-20,0,20.0,38.0,1.0,234.0,58.0,-0.0168576842826539,0.0437024873827036,0.984100451510904,39.0,20.0,0.0,236.0,161.0,0.3112790117670119,0.3112790117670119,0.715111762815203,CIN,PHI,CIN,29.90909090909091,35.54545454545455,1.7272727272727273,236.0909090909091,129.8181818181818,0.08478028719149738,0.08478028719149738,0.7064357803438006,PHI,23.7,35.0,2.8,192.3,99.9,-0.06598692750202126,-0.05184775202218876,0.7754470164511771
122,2024_08_TEN_DET,52,14,38,1,24.0,23.0,4.0,94.0,164.0,0.1821785054328194,0.1821785054328194,0.8094466523280478,32.0,39.0,1.0,266.0,158.0,-0.3230139937871063,-0.2745617568937523,0.7585541075501693,DET,TEN,DET,22.1,39.6,2.5,249.6,94.8,-0.09843386012953119,-0.07384524813697035,0.6654345230685962,TEN,27.7,30.3,2.0,178.9,113.4,0.01874873832565239,0.01874873832565239,0.807413304212767
123,2024_09_CHI_ARI,29,9,20,1,34.0,23.0,3.0,154.0,213.0,0.0428039614055497,0.1246776278240874,0.6292160468492614,23.0,47.0,6.0,217.0,69.0,-0.1788727152641034,-0.1788727152641034,0.6042725033683469,ARI,CHI,ARI,28.4,34.8,2.4,233.3,127.5,0.060266131198988125,0.0696123954044522,0.7402418931656042,CHI,27.3,31.5,2.5,213.7,130.3,-0.033964880527748396,-0.00940722193893046,0.7259834244834172
124,2024_09_DAL_ATL,27,21,6,1,30.0,27.0,2.0,222.0,100.0,0.0180391959930718,0.0180391959930718,0.8721688002762318,21.0,54.0,3.0,248.0,137.0,-0.0388280890305157,-0.0388280890305157,0.7467045328547868,ATL,DAL,ATL,28.818181818181817,35.27272727272727,0.9090909090909091,235.63636363636363,127.18181818181819,0.06738463119618059,0.06738463119618059,0.7726859438642406,DAL,31.8,30.2,2.4,230.5,151.0,0.0782813087445702,0.07820057500553705,0.7515663622689003
125,2024_09_DEN_BAL,41,10,31,1,34.0,20.0,1.0,280.0,127.0,0.3380568411026584,0.3380568411026584,0.7134806030599175,30.0,38.0,4.0,225.0,122.0,-0.1184959706505441,-0.1184959706505441,0.817003119505941,BAL,DEN,BAL,22.818181818181817,43.18181818181818,3.1818181818181817,304.6363636363636,77.45454545454545,0.05065889180453116,0.055223311364270174,0.7305809269988628,DEN,26.09090909090909,36.36363636363637,3.5454545454545454,211.0,98.63636363636364,-0.07781362011297835,-0.06882901102722952,0.752599138191568
126,2024_09_DET_GB,14,24,-10,0,23.0,40.0,0.0,273.0,138.0,-0.0558503147427458,-0.0558503147427458,0.7128637004527042,32.0,23.0,1.0,145.0,124.0,0.1078033171242289,0.1078033171242289,0.7966876901307709,GB,DET,GB,27.6,33.9,2.5,226.1,119.6,-0.010026642425032015,0.002517064490154074,0.7169342283556115,DET,22.1,39.6,2.5,249.6,94.8,-0.09843386012953119,-0.07384524813697035,0.6654345230685962
127,2024_09_HOU_NYJ,21,13,8,1,21.0,34.0,2.0,211.0,100.0,0.1170591968089984,0.1170591968089984,0.8205828524023906,36.0,39.0,8.0,191.0,187.0,0.0115980637160271,0.0115980637160271,0.5973487334292088,NYJ,HOU,NYJ,31.454545454545453,31.363636363636363,3.090909090909091,197.1818181818182,130.0909090909091,0.024626354570163888,0.028020910389633145,0.7597261317590717,HOU,24.454545454545453,36.09090909090909,3.090909090909091,210.36363636363637,107.63636363636364,-0.021570292689521344,-0.016018867350083836,0.7047755329166501
128,2024_09_IND_MIN,21,13,8,1,32.0,39.0,4.0,312.0,133.0,-0.1335848421508236,-0.1335848421508236,0.6755895995583028,19.0,30.0,3.0,179.0,68.0,-0.2787332080964025,-0.2787332080964025,0.6522399650142319,MIN,IND,MIN,20.8,40.5,3.5,258.9,74.4,-0.12889183923502076,-0.12458875486238033,0.6974262905801639,IND,32.27272727272727,34.81818181818182,2.272727272727273,247.1818181818182,143.0909090909091,-0.016204738425823248,-0.006028419621116351,0.7440413130608913
129,2024_09_JAX_PHI,28,23,5,1,48.0,28.0,3.0,230.0,237.0,0.0112969538276709,0.0112969538276709,0.7233143939780036,18.0,35.0,2.0,169.0,60.0,-0.0694232684251153,-0.0694232684251153,0.7427694795602416,PHI,JAX,PHI,23.7,35.0,2.8,192.3,99.9,-0.06598692750202126,-0.05184775202218876,0.7754470164511771,JAX,31.454545454545453,36.18181818181818,1.9090909090909092,290.1818181818182,135.45454545454547,0.13524773956227604,0.13524773956227604,0.7543614001205167
130,2024_09_LAC_CLE,10,27,-17,0,24.0,52.0,6.0,235.0,79.0,-0.2663572107038154,-0.2663572107038154,0.561210727618533,23.0,33.0,6.0,282.0,96.0,-0.0637931982489639,-0.0637931982489639,0.6141814909693248,CLE,LAC,CLE,27.4,32.1,2.8,228.3,131.7,-0.015366331669173292,-0.008149433811871202,0.7548213445690942,LAC,23.5,37.5,3.4,223.9,110.5,-0.11392097857363584,-0.11392097857363584,0.7129664052354635
131,2024_09_LA_SEA,20,26,-6,0,33.0,41.0,7.0,363.0,107.0,-0.154509961240682,-0.154509961240682,0.6975423705144963,24.0,44.0,0.0,298.0,68.0,-0.0400106518075968,-0.0400106518075968,0.6524531732478157,SEA,LA,SEA,29.3,34.7,2.3,227.0,138.6,0.01118899300808163,0.013963746694502807,0.6859073595822134,LA,29.9,32.6,2.7,245.4,127.3,0.02989694924591572,0.02989694924591572,0.7275863004153906
132,2024_09_LV_CIN,41,24,17,1,31.0,40.0,1.0,251.0,130.0,0.1136328431589087,0.1136328431589087,0.8442057231860807,21.0,38.0,5.0,198.0,60.0,-0.0993764857936343,-0.0993764857936343,0.6537466322860664,CIN,LV,CIN,29.90909090909091,35.54545454545455,1.7272727272727273,236.0909090909091,129.8181818181818,0.08478028719149738,0.08478028719149738,0.7064357803438006,LV,28.5,33.7,1.9,219.2,124.6,0.01815210685018066,0.01815210685018066,0.7457946690667048
133,2024_09_MIA_BUF,30,27,3,1,19.0,41.0,1.0,235.0,94.0,0.2148895112202956,0.2148895112202956,0.7263482111411045,31.0,29.0,1.0,231.0,149.0,0.2123951972169538,0.2123951972169538,0.7613269290291028,BUF,MIA,BUF,24.636363636363637,36.36363636363637,2.4545454545454546,226.8181818181818,119.0909090909091,-0.014568825957549282,-0.014568825957549282,0.7433530166372802,MIA,25.2,33.5,1.7,210.6,109.0,0.0086660096803303,0.0086660096803303,0.7773748800553322
134,2024_09_NE_TEN,20,17,3,1,39.0,34.0,1.0,240.0,167.0,-0.0526737075848716,-0.0526737075848716,0.5890182439671132,20.0,45.0,4.0,206.0,110.0,-0.0856676246800883,-0.0856676246800883,0.861279291196557,TEN,NE,TEN,27.7,30.3,2.0,178.9,113.4,0.01874873832565239,0.01874873832565239,0.807413304212767,NE,29.0,33.09090909090909,2.272727272727273,229.72727272727272,128.36363636363637,0.027156896106619876,0.036987742247806724,0.7162286294733283
135,2024_09_NO_CAR,23,22,1,1,23.0,28.0,1.0,171.0,80.0,0.0315162630222694,0.0315162630222694,0.8301983777236831,41.0,34.0,1.0,236.0,197.0,0.0644628662245613,0.0644628662245613,0.919581984947536,CAR,NO,CAR,35.0,32.2,1.2,233.9,160.0,0.099664862791973,0.1194621539208206,0.703429397834605,NO,26.818181818181817,38.09090909090909,2.272727272727273,270.90909090909093,134.1818181818182,-0.024432078112840094,-0.024432078112840094,0.7331821165312796
136,2024_09_TB_KC,30,24,6,1,35.0,48.0,4.0,291.0,124.0,0.1412091443211988,0.1779597225472547,0.650109549102084,19.0,33.0,2.0,200.0,95.0,0.1333919116023249,0.1333919116023249,0.7675759841852517,KC,TB,KC,23.6,35.0,1.9,222.0,85.3,-0.013213498948685384,-0.013213498948685384,0.7750955323323927,TB,26.0,40.5,2.8,283.5,125.2,0.06370855134279339,0.07723279435878168,0.6709510749812141
137,2024_09_WAS_NYG,22,27,-5,0,31.0,30.0,2.0,174.0,164.0,0.1253723957867367,0.1253723957867367,0.7388296476860786,38.0,22.0,0.0,209.0,149.0,0.2203239886591037,0.2203239886591037,0.7362007467407377,NYG,WAS,NYG,27.9,31.2,3.6,207.0,147.1,0.03189903882942189,0.04827891780558342,0.7212822843898639,WAS,30.363636363636363,30.272727272727273,2.6363636363636362,200.63636363636363,150.45454545454547,0.04140733567001059,0.048479088579559765,0.7428801958694816
138,2024_10_ATL_NO,20,17,3,1,27.0,25.0,0.0,269.0,96.0,-0.0167046521024748,-0.0167046521024748,0.7800783983772284,32.0,41.0,3.0,306.0,181.0,-0.0365464487385096,-0.0365464487385096,0.5199685859466887,NO,ATL,NO,26.818181818181817,38.09090909090909,2.272727272727273,270.90909090909093,134.1818181818182,-0.024432078112840094,-0.024432078112840094,0.7331821165312796,ATL,28.818181818181817,35.27272727272727,0.9090909090909091,235.63636363636363,127.18181818181819,0.06738463119618059,0.06738463119618059,0.7726859438642406
139,2024_10_BUF_IND,20,30,-10,0,22.0,39.0,4.0,272.0,121.0,-0.1648365959254368,-0.1648365959254368,0.7068679993918111,31.0,39.0,2.0,280.0,135.0,0.0155633247742442,0.0155633247742442,0.821675150130247,IND,BUF,IND,32.27272727272727,34.81818181818182,2.272727272727273,247.1818181818182,143.0909090909091,-0.016204738425823248,-0.006028419621116351,0.7440413130608913,BUF,24.636363636363637,36.36363636363637,2.4545454545454546,226.8181818181818,119.0909090909091,-0.014568825957549282,-0.014568825957549282,0.7433530166372802
140,2024_10_CIN_BAL,35,34,1,1,26.0,33.0,0.0,290.0,99.0,0.206004749263347,0.206004749263347,0.5926615228634458,16.0,60.0,3.0,428.0,49.0,0.1676150402622856,0.1676150402622856,0.6471354941648647,BAL,CIN,BAL,22.818181818181817,43.18181818181818,3.1818181818181817,304.6363636363636,77.45454545454545,0.05065889180453116,0.055223311364270174,0.7305809269988628,CIN,29.90909090909091,35.54545454545455,1.7272727272727273,236.0909090909091,129.8181818181818,0.08478028719149738,0.08478028719149738,0.7064357803438006
141,2024_10_DEN_KC,16,14,2,1,19.0,46.0,4.0,266.0,57.0,0.0192857476749914,0.0192857476749914,0.8555670037784064,23.0,32.0,2.0,215.0,78.0,-0.0131462106422843,-0.0131462106422843,0.6892068883926246,KC,DEN,KC,23.6,35.0,1.9,222.0,85.3,-0.013213498948685384,-0.013213498948685384,0.7750955323323927,DEN,26.09090909090909,36.36363636363637,3.5454545454545454,211.0,98.63636363636364,-0.07781362011297835,-0.06882901102722952,0.752599138191568
142,2024_10_DET_HOU,23,26,-3,0,28.0,37.0,4.0,232.0,56.0,-0.1243123922280377,-0.1243123922280377,0.6592259891873472,33.0,30.0,0.0,240.0,105.0,-0.078469212458749,-0.078469212458749,0.8671255648353787,HOU,DET,HOU,24.454545454545453,36.09090909090909,3.090909090909091,210.36363636363637,107.63636363636364,-0.021570292689521344,-0.016018867350083836,0.7047755329166501,DET,22.1,39.6,2.5,249.6,94.8,-0.09843386012953119,-0.07384524813697035,0.6654345230685962
143,2024_10_MIA_LA,15,23,-8,0,18.0,50.0,4.0,293.0,70.0,-0.1989244587676621,-0.1989244587676621,0.6904237035506934,22.0,31.0,3.0,207.0,67.0,-0.0658517836648101,-0.0658517836648101,0.8146834251924042,LA,MIA,LA,29.9,32.6,2.7,245.4,127.3,0.02989694924591572,0.02989694924591572,0.7275863004153906,MIA,25.2,33.5,1.7,210.6,109.0,0.0086660096803303,0.0086660096803303,0.7773748800553322
144,2024_10_MIN_JAX,7,12,-5,0,18.0,25.0,3.0,111.0,56.0,-0.1904815425188712,-0.1904815425188712,0.5884859896794261,43.0,39.0,1.0,241.0,169.0,-0.0092909325048636,-0.0092909325048636,0.5552672414659775,JAX,MIN,JAX,31.454545454545453,36.18181818181818,1.9090909090909092,290.1818181818182,135.45454545454547,0.13524773956227604,0.13524773956227604,0.7543614001205167,MIN,20.8,40.5,3.5,258.9,74.4,-0.12889183923502076,-0.12458875486238033,0.6974262905801639
145,2024_10_NE_CHI,3,19,-16,0,20.0,39.0,9.0,120.0,73.0,-0.2970076327932473,-0.2970076327932473,0.577720130931522,35.0,26.0,1.0,184.0,144.0,-0.0363305588381502,-0.0363305588381502,0.7933969319194578,CHI,NE,CHI,27.3,31.5,2.5,213.7,130.3,-0.033964880527748396,-0.00940722193893046,0.7259834244834172,NE,29.0,33.09090909090909,2.272727272727273,229.72727272727272,128.36363636363637,0.027156896106619876,0.036987742247806724,0.7162286294733283
146,2024_10_NYG_CAR,20,17,3,1,32.0,26.0,1.0,126.0,188.0,-0.0163631576247367,0.0400772380320006,0.7919762460826638,34.0,39.0,2.0,190.0,167.0,-0.0639326449559249,-0.0639326449559249,0.5664507487444734,CAR,NYG,CAR,35.0,32.2,1.2,233.9,160.0,0.099664862791973,0.1194621539208206,0.703429397834605,NYG,27.9,31.2,3.6,207.0,147.1,0.03189903882942189,0.04827891780558342,0.7212822843898639
147,2024_10_NYJ_ARI,31,6,25,1,32.0,25.0,1.0,266.0,147.0,0.3159036966040903,0.3159036966040903,0.758682885096139,17.0,38.0,3.0,151.0,79.0,-0.0490323229768204,-0.0490323229768204,0.6495936424736162,ARI,NYJ,ARI,28.4,34.8,2.4,233.3,127.5,0.060266131198988125,0.0696123954044522,0.7402418931656042,NYJ,31.454545454545453,31.363636363636363,3.090909090909091,197.1818181818182,130.0909090909091,0.024626354570163888,0.028020910389633145,0.7597261317590717
148,2024_10_PHI_DAL,6,34,-28,0,24.0,32.0,3.0,66.0,97.0,-0.4866688933246771,-0.4058373101917097,0.764620119856625,38.0,27.0,5.0,207.0,187.0,-0.0220568775655284,-0.0220568775655284,0.6360627544599256,DAL,PHI,DAL,31.8,30.2,2.4,230.5,151.0,0.0782813087445702,0.07820057500553705,0.7515663622689003,PHI,23.7,35.0,2.8,192.3,99.9,-0.06598692750202126,-0.05184775202218876,0.7754470164511771
149,2024_10_PIT_WAS,27,28,-1,0,22.0,37.0,3.0,202.0,60.0,0.0286517317903233,0.0286517317903233,0.7843139864553169,43.0,32.0,3.0,195.0,140.0,0.0568647779167419,0.0568647779167419,0.8616195266552896,WAS,PIT,WAS,30.363636363636363,30.272727272727273,2.6363636363636362,200.63636363636363,150.45454545454547,0.04140733567001059,0.048479088579559765,0.7428801958694816,PIT,22.4,36.5,2.4,231.7,90.8,-0.09104512135309845,-0.0859676738697146,0.7376998721536415
150,2024_10_SF_TB,20,23,-3,0,27.0,31.0,2.0,116.0,110.0,0.0592259611947244,0.0592259611947244,0.773470658500351,22.0,39.0,3.0,353.0,75.0,0.1325722514029755,0.1325722514029755,0.5481530624769775,TB,SF,TB,26.0,40.5,2.8,283.5,125.2,0.06370855134279339,0.07723279435878168,0.6709510749812141,SF,24.9,34.8,2.6,210.1,105.0,0.00869688472326058,0.02468296605447859,0.7414852186216265
151,2024_10_TEN_LAC,27,17,10,1,39.0,18.0,0.0,164.0,145.0,0.1931432715024547,0.1931432715024547,0.7838681709861546,21.0,30.0,7.0,175.0,132.0,0.0406660154978396,0.0406660154978396,0.7248265823736463,LAC,TEN,LAC,23.5,37.5,3.4,223.9,110.5,-0.11392097857363584,-0.11392097857363584,0.7129664052354635,TEN,27.7,30.3,2.0,178.9,113.4,0.01874873832565239,0.01874873832565239,0.807413304212767
152,2024_11_ATL_DEN,38,6,32,1,26.0,34.0,1.0,307.0,105.0,0.2899848231270658,0.2899848231270658,0.839721907968398,21.0,35.0,4.0,197.0,50.0,-0.169727208747645,-0.169727208747645,0.7589971678468189,DEN,ATL,DEN,26.09090909090909,36.36363636363637,3.5454545454545454,211.0,98.63636363636364,-0.07781362011297835,-0.06882901102722952,0.752599138191568,ATL,28.818181818181817,35.27272727272727,0.9090909090909091,235.63636363636363,127.18181818181819,0.06738463119618059,0.06738463119618059,0.7726859438642406
153,2024_11_BAL_PIT,18,16,2,1,34.0,40.0,4.0,205.0,122.0,-0.1029295153884678,-0.1029295153884678,0.8572557991400891,19.0,36.0,2.0,207.0,124.0,-0.1652322883520169,-0.1144578135181784,0.8635057964856073,PIT,BAL,PIT,22.4,36.5,2.4,231.7,90.8,-0.09104512135309845,-0.0859676738697146,0.7376998721536415,BAL,22.818181818181817,43.18181818181818,3.1818181818181817,304.6363636363636,77.45454545454545,0.05065889180453116,0.055223311364270174,0.7305809269988628
154,2024_11_CIN_LAC,34,27,7,1,25.0,38.0,2.0,297.0,155.0,0.0414455098986742,0.0414455098986742,0.5469923590933107,25.0,53.0,3.0,356.0,110.0,0.008935266779052,0.008935266779052,0.7199337511495392,LAC,CIN,LAC,23.5,37.5,3.4,223.9,110.5,-0.11392097857363584,-0.11392097857363584,0.7129664052354635,CIN,29.90909090909091,35.54545454545455,1.7272727272727273,236.0909090909091,129.8181818181818,0.08478028719149738,0.08478028719149738,0.7064357803438006
155,2024_11_CLE_NO,35,14,21,1,28.0,30.0,1.0,266.0,214.0,0.2156725019474643,0.2878414805204852,1.006944166532393,20.0,52.0,3.0,395.0,66.0,-0.0730158823959957,-0.0730158823959957,0.7378149549721276,NO,CLE,NO,26.818181818181817,38.09090909090909,2.272727272727273,270.90909090909093,134.1818181818182,-0.024432078112840094,-0.024432078112840094,0.7331821165312796,CLE,27.4,32.1,2.8,228.3,131.7,-0.015366331669173292,-0.008149433811871202,0.7548213445690942
156,2024_11_GB_CHI,19,20,-1,0,34.0,35.0,3.0,231.0,179.0,0.1356916051457355,0.1356916051457355,0.7042217339589046,26.0,18.0,1.0,261.0,106.0,0.2622213560579262,0.2622213560579262,0.8208635081820582,CHI,GB,CHI,27.3,31.5,2.5,213.7,130.3,-0.033964880527748396,-0.00940722193893046,0.7259834244834172,GB,27.6,33.9,2.5,226.1,119.6,-0.010026642425032015,0.002517064490154074,0.7169342283556115
157,2024_11_HOU_DAL,10,34,-24,0,18.0,61.0,5.0,358.0,64.0,-0.2249891156811618,-0.2249891156811618,0.7940572414936942,25.0,35.0,1.0,257.0,141.0,0.1098607252330539,0.1098607252330539,0.7864116625680683,DAL,HOU,DAL,31.8,30.2,2.4,230.5,151.0,0.0782813087445702,0.07820057500553705,0.7515663622689003,HOU,24.454545454545453,36.09090909090909,3.090909090909091,210.36363636363637,107.63636363636364,-0.021570292689521344,-0.016018867350083836,0.7047755329166501
158,2024_11_IND_NYJ,27,28,-1,0,20.0,32.0,3.0,184.0,91.0,-0.0076136455424544,-0.0076136455424544,0.786436005775273,36.0,33.0,2.0,272.0,91.0,0.0446810059733086,0.0446810059733086,0.7693258561466209,NYJ,IND,NYJ,31.454545454545453,31.363636363636363,3.090909090909091,197.1818181818182,130.0909090909091,0.024626354570163888,0.028020910389633145,0.7597261317590717,IND,32.27272727272727,34.81818181818182,2.272727272727273,247.1818181818182,143.0909090909091,-0.016204738425823248,-0.006028419621116351,0.7440413130608913
159,2024_11_JAX_DET,52,6,46,1,43.0,33.0,0.0,449.0,196.0,0.4441400054942258,0.4441400054942258,0.4191941880585785,17.0,30.0,1.0,138.0,41.0,-0.1933241894732768,-0.1933241894732768,0.6439812676423425,DET,JAX,DET,22.1,39.6,2.5,249.6,94.8,-0.09843386012953119,-0.07384524813697035,0.6654345230685962,JAX,31.454545454545453,36.18181818181818,1.9090909090909092,290.1818181818182,135.45454545454547,0.13524773956227604,0.13524773956227604,0.7543614001205167
160,2024_11_KC_BUF,30,21,9,1,31.0,40.0,0.0,262.0,104.0,0.1391753463159112,0.1391753463159112,0.8193870731951627,17.0,35.0,2.0,196.0,78.0,0.0421373004701805,0.0421373004701805,0.7416456191456507,BUF,KC,BUF,24.636363636363637,36.36363636363637,2.4545454545454546,226.8181818181818,119.0909090909091,-0.014568825957549282,-0.014568825957549282,0.7433530166372802,KC,23.6,35.0,1.9,222.0,85.3,-0.013213498948685384,-0.013213498948685384,0.7750955323323927
161,2024_11_LA_NE,22,28,-6,0,30.0,43.0,3.0,282.0,125.0,0.0695212654521388,0.0695212654521388,0.6561613248174794,24.0,27.0,0.0,295.0,107.0,0.2110671898280244,0.2110671898280244,0.6094866690579971,NE,LA,NE,29.0,33.09090909090909,2.272727272727273,229.72727272727272,128.36363636363637,0.027156896106619876,0.036987742247806724,0.7162286294733283,LA,29.9,32.6,2.7,245.4,127.3,0.02989694924591572,0.02989694924591572,0.7275863004153906
162,2024_11_LV_MIA,34,19,15,1,26.0,38.0,2.0,288.0,82.0,0.3147005300433918,0.3147005300433918,0.7569640291042006,17.0,46.0,3.0,282.0,60.0,0.1266246576885364,0.1266246576885364,0.807749530347399,MIA,LV,MIA,25.2,33.5,1.7,210.6,109.0,0.0086660096803303,0.0086660096803303,0.7773748800553322,LV,28.5,33.7,1.9,219.2,124.6,0.01815210685018066,0.01815210685018066,0.7457946690667048
163,2024_11_MIN_TEN,13,23,-10,0,19.0,36.0,5.0,295.0,33.0,-0.1456500363523916,-0.1456500363523916,0.6734972356838576,33.0,34.0,2.0,246.0,82.0,0.0271650208657235,0.0271650208657235,0.6107243213043009,TEN,MIN,TEN,27.7,30.3,2.0,178.9,113.4,0.01874873832565239,0.01874873832565239,0.807413304212767,MIN,20.8,40.5,3.5,258.9,74.4,-0.12889183923502076,-0.12458875486238033,0.6974262905801639
164,2024_11_SEA_SF,17,20,-3,0,27.0,30.0,2.0,159.0,131.0,-0.0054028110707784,-0.0054028110707784,0.5817263521818408,23.0,36.0,4.0,221.0,94.0,0.0611208227972133,0.0611208227972133,0.4624722989393106,SF,SEA,SF,24.9,34.8,2.6,210.1,105.0,0.00869688472326058,0.02468296605447859,0.7414852186216265,SEA,29.3,34.7,2.3,227.0,138.6,0.01118899300808163,0.013963746694502807,0.6859073595822134
165,2024_11_WAS_PHI,26,18,8,1,40.0,30.0,2.0,221.0,228.0,0.066073773574168,0.066073773574168,0.6402330436993877,28.0,36.0,3.0,191.0,93.0,-0.0255982521339239,-0.0255982521339239,0.7078201999767741,PHI,WAS,PHI,23.7,35.0,2.8,192.3,99.9,-0.06598692750202126,-0.05184775202218876,0.7754470164511771,WAS,30.363636363636363,30.272727272727273,2.6363636363636362,200.63636363636363,150.45454545454547,0.04140733567001059,0.048479088579559765,0.7428801958694816
